{"cameraMode":{"drawMode":0,"name":"Shaded","section":"Shading Mode"},"sceneLighting":false,"audioPlay":false,"sceneViewState":{"showFog":true,"showMaterialUpdate":false,"showSkybox":false,"showFlares":true,"showImageEffects":true,"showParticleSystems":true},"in2DMode":false,"pivot":{"x":-0.011200003325939179,"y":0.0009999999310821295,"z":-0.33609992265701296},"rotation":{"x":0.6213420033454895,"y":-0.22649787366390229,"z":0.19424790143966676,"w":0.7245002388954163},"size":0.9167147278785706,"orthographic":true}