{"cameraMode":{"drawMode":0,"name":"Shaded","section":"Shading Mode"},"sceneLighting":false,"audioPlay":false,"sceneViewState":{"showFog":true,"showMaterialUpdate":false,"showSkybox":false,"showFlares":true,"showImageEffects":true,"showParticleSystems":true},"in2DMode":false,"pivot":{"x":0.0,"y":0.16057410836219788,"z":0.009741321206092835},"rotation":{"x":0.6843284964561462,"y":0.2922431230545044,"z":-0.3523620367050171,"w":0.5675646662712097},"size":1.582923412322998,"orthographic":true}